<?xml version="1.0" encoding="UTF-8" standalone="yes"?>
<addon id="plugin.video.twovip" name="[COLOR blue]TWO[/COLOR][COLOR yellow]VIP[/COLOR]" version="1.9.3" provider-name="[COLOR red]NandoPlayTv[/COLOR][COLOR blue]TWO ADDON[/COLOR]">
  <extension point="xbmc.python.pluginsource"
			library="default.py">
		<provides>video</provides>
  </extension>
  <extension point="xbmc.addon.metadata">
	<summary></summary>
	<language>en</language>
	<description></description>
	<platform>all</platform>
	<assets>
		<icon>icon.png</icon>
		<fanart>fanart.jpg</fanart>
	</assets>
  </extension>
</addon>